{"cameraMode":{"drawMode":0,"name":"Shaded","section":"Shading Mode"},"sceneLighting":true,"audioPlay":false,"sceneViewState":{"m_AlwaysRefresh":false,"showFog":true,"showSkybox":true,"showFlares":true,"showImageEffects":true,"showParticleSystems":true,"showVisualEffectGraphs":true,"m_FxEnabled":true},"in2DMode":false,"pivot":{"x":-0.7676689624786377,"y":-1.9604272842407227,"z":10.745973587036133},"rotation":{"x":-0.2889630198478699,"y":0.08402462303638458,"z":-0.025474317371845247,"w":-0.9533202052116394},"size":6.330145359039307,"orthographic":false}