{"cameraMode":{"drawMode":0,"name":"Shaded","section":"Shading Mode"},"sceneLighting":true,"audioPlay":false,"sceneViewState":{"m_AlwaysRefresh":false,"showFog":true,"showSkybox":true,"showFlares":true,"showImageEffects":true,"showParticleSystems":true,"showVisualEffectGraphs":true,"m_FxEnabled":true},"in2DMode":false,"pivot":{"x":-2.621838331222534,"y":-0.3593512773513794,"z":0.34809839725494387},"rotation":{"x":-0.25679776072502139,"y":-0.14630000293254853,"z":0.03935955837368965,"w":-0.9545234441757202},"size":3.8424699306488039,"orthographic":false}