{"cameraMode":{"drawMode":0,"name":"Shaded","section":"Shading Mode"},"sceneLighting":false,"audioPlay":false,"sceneViewState":{"m_AlwaysRefresh":false,"showFog":true,"showSkybox":false,"showFlares":true,"showImageEffects":true,"showParticleSystems":true,"showVisualEffectGraphs":true,"m_FxEnabled":true},"in2DMode":false,"pivot":{"x":0.43263983726501467,"y":1.2929999828338624,"z":-0.8999999761581421},"rotation":{"x":0.03730291873216629,"y":0.8157494068145752,"z":-0.05294257402420044,"w":0.5747703313827515},"size":0.12247451394796372,"orthographic":false}